,OID_,UIDENTSTLAE,ULAND,UREGBEZ,UKREIS,UGEMEINDE,UJAHR,UMONAT,USTUNDE,UWOCHENTAG,UKATEGORIE,UART,UTYP1,ULICHTVERH,IstStrassenzustand,IstRad,IstPKW,IstFuss,IstKrad,IstGkfz,IstSonstige,LINREFX,LINREFY,XGCSWGS84,YGCSWGS84,PLST
248971,248972,12230717732104588590,12,0,54,0,2023,7,18,2,3,4,6,0,0,1,0,0,0,0,0,"774234,819400000385940","5814876,193399999290705",13.032912633000024,52.41522559200007,1
248984,248985,12230713732121368940,12,0,54,0,2023,7,9,5,3,0,7,0,0,1,1,0,0,0,1,"781189,608900000341237","5813211,339700000360608",13.133506703000023,52.39676832500004,1
248985,248986,12230713732110360170,12,0,54,0,2023,7,14,5,3,5,3,0,0,1,1,0,0,0,0,"775676,811599999666214","5813566,280700000002980",13.052982564000047,52.402754121000044,1
248987,248988,12230713732105367740,12,0,54,0,2023,7,16,5,3,0,1,0,0,1,0,0,0,0,0,"775765,786299999803305","5814070,304600000381470",13.05470217900006,52.40722931300007,1
248988,248989,12230713732101365360,12,0,54,0,2023,7,9,5,3,3,2,0,0,1,1,0,0,0,0,"769948,987399999983609","5818915,109799999743700",12.97331235200005,52.45358010600006,1
249019,249020,12230711732106351120,12,0,54,0,2023,7,8,3,3,5,3,0,0,1,1,0,0,0,0,"772916,853699999861419","5812468,349899999797344",13.011619865000057,52.39429017800006,1
249021,249022,12230711732103363750,12,0,54,0,2023,7,9,3,2,5,3,0,0,1,1,0,0,0,0,"774930,196399999782443","5816798,044500000774860",13.044690873000036,52.432111709000026,1
249037,249038,12230710732110358810,12,0,54,0,2023,7,9,2,3,0,7,0,0,1,0,0,0,0,0,"776595,245000000111759","5813625,476900000125170",13.066497348000041,52.40282181200007,1
249051,249052,12230709732122360160,12,0,54,0,2023,7,20,1,3,0,1,0,0,1,0,0,0,0,0,"778607,887299999594688","5812504,069399999454618",13.095072849000076,52.39174539600003,1
249060,249061,12230708732130351680,12,0,54,0,2023,7,20,7,2,0,7,0,0,1,0,0,0,0,0,"776693,029099999926984","5812243,290999999269843",13.06678953100004,52.390377400000034,1
249061,249062,12230708732104347230,12,0,54,0,2023,7,18,7,3,5,3,0,0,1,1,0,0,0,0,"775535,696999999694526","5814783,462200000882149",13.051915258000065,52.413740645000075,1
249063,249064,12230914732101495320,12,0,54,0,2023,9,16,5,3,6,7,0,0,1,0,1,0,0,0,"773422,857200000435114","5820886,362299999222159",13.025922127000058,52.46953164200005,1
249076,249077,12230707732113357800,12,0,54,0,2023,7,7,6,3,5,3,0,0,1,1,0,0,0,0,"778439,184399999678135","5809876,199599999934435",13.090418223000029,52.368265905000044,1
249089,249090,12230818732105435450,12,0,54,0,2023,8,14,6,3,0,1,0,0,1,0,0,0,0,0,"777684,022699999623001","5815080,023800000548363",13.083666944000072,52.41531439100004,1
249107,249108,12230705732122351760,12,0,54,0,2023,7,14,4,3,3,2,0,0,1,1,0,0,0,0,"778223,183299999684095","5813021,657700000330806",13.08986374500006,52.396582367000065,1
249108,249109,12230705732110351450,12,0,54,0,2023,7,10,4,3,0,1,0,0,1,0,0,0,0,0,"776007,700400000438094","5813612,296099999919534",13.057871957000032,52.403000088000056,1
249109,249110,12230705732107343720,12,0,54,0,2023,7,6,4,2,5,2,0,0,1,1,0,0,0,0,"775276,164200000464916","5813115,498800000175834",13.046737755000038,52.39891311700006,1
249142,249143,12230703732122346730,12,0,54,0,2023,7,12,2,3,0,1,0,0,1,0,0,0,0,0,"778514,918399999849498","5812483,520400000736117",13.09369306900004,52.39160840200003,1
249164,249165,12230630732123334090,12,0,54,0,2023,6,16,6,3,0,1,0,1,1,0,0,0,0,0,"778731,541899999603629","5812152,824599999934435",13.096593218000066,52.388532749000035,1
249183,249184,12230629732123330720,12,0,54,0,2023,6,20,5,3,0,7,0,0,1,0,0,0,0,0,"779373,626000000163913","5812273,134899999946356",13.106104111000036,52.38928455300004,1
249185,249186,12230629732100327070,12,0,54,0,2023,6,9,5,3,3,2,0,0,1,1,0,0,0,0,"780607,161199999973178","5811643,875099999830127",13.123656482000058,52.38301150600006,1
249197,249198,12230628732123334450,12,0,54,0,2023,6,11,4,3,5,3,0,0,1,1,0,0,0,0,"779888,909500000067055","5811819,835400000214577",13.113277872000026,52.38495671900006,1
249209,249210,12230704732109357550,12,0,54,0,2023,7,17,3,2,0,5,0,0,1,1,0,0,0,0,"775786,581100000068545","5813193,352800000458956",13.05428494000006,52.39935449400008,1
249213,249214,12230627732113336250,12,0,54,0,2023,6,9,3,3,5,3,0,0,1,0,0,0,0,0,"778808,990000000223517","5809115,825400000438094",13.095204226000021,52.36125937200006,1
249662,249663,12231225732123712950,12,0,54,0,2023,12,6,2,2,1,5,2,1,1,1,0,0,0,0,"778691,311700000427663","5812468,055600000545382",13.09626570000006,52.391380010000034,1
249689,249690,12231219732122702490,12,0,54,0,2023,12,15,3,3,5,2,0,1,1,1,0,0,0,0,"778157,371100000105798","5812272,007999999448657",13.08827671900002,52.389893346000065,1
249714,249715,12231215732108685750,12,0,54,0,2023,12,19,6,3,0,7,2,1,1,0,0,0,0,0,"773495,259499999694526","5811101,537599999457598",13.018983984000045,52.38174378200006,1
249726,249727,12231213732106690080,12,0,54,0,2023,12,10,4,3,5,3,0,1,1,1,0,0,0,0,"770146,484400000423193","5813459,371799999848008",12.971804028000065,52.40455183900008,1
249736,249737,12231212732121683880,12,0,54,0,2023,12,18,3,3,0,1,1,1,1,0,0,0,0,0,"780759,427400000393391","5813013,274000000208616",13.127034853000055,52.39521295800006,1
249745,249746,12231211732107685490,12,0,54,0,2023,12,17,2,3,3,6,1,1,1,1,0,0,0,0,"772831,363400000147521","5813200,386900000274181",13.010962756000026,52.40089790500008,1
249780,249781,12231205732104673280,12,0,54,0,2023,12,15,3,3,1,6,0,2,1,1,0,0,0,0,"775374,173499999567866","5814828,304800000041723",13.049583297000027,52.41422407500005,1
249781,249782,12231205732104672600,12,0,54,0,2023,12,11,3,3,5,3,0,2,1,0,0,0,0,1,"775151,594100000336766","5814885,937500000000000",13.04636634700006,52.41485285700003,1
249814,249815,12231129732122642520,12,0,54,0,2023,11,15,4,3,5,3,0,1,1,1,0,0,0,0,"777987,920900000259280","5812639,112199999392033",13.086097573000075,52.393271361000075,1
249842,249843,12231127732130648410,12,0,54,0,2023,11,8,2,3,5,3,1,0,1,0,0,0,0,1,"776819,990000000223517","5812505,026799999177456",13.068866671000023,52.39266042100007,1
249873,249874,12231123732122639850,12,0,54,0,2023,11,19,5,3,8,1,2,1,1,0,0,0,0,0,"778542,736200000159442","5811852,061599999666214",13.093576066000026,52.38593171200006,1
249875,249876,12231123732108639090,12,0,54,0,2023,11,11,5,3,5,2,0,0,1,1,0,0,0,0,"773621,945899999700487","5811323,607799999415874",13.021021874000041,52.383672112000056,1
249882,249883,12231122732121637480,12,0,54,0,2023,11,17,4,3,5,3,2,1,1,1,0,0,0,0,"780448,741000000387430","5812976,459799999371171",13.122449929000027,52.395042011000044,1
249883,249884,12231122732100629460,12,0,54,0,2023,11,7,4,3,5,3,0,0,1,1,0,0,0,0,"778649,097000000067055","5812271,709400000050664",13.09548369600003,52.38964077400004,1
249892,249893,12231121732123631180,12,0,54,0,2023,11,8,3,3,1,5,0,1,1,1,0,0,0,0,"778839,927000000141561","5812122,263000000268221",13.09815633900007,52.38820353800003,1
249929,249930,12231116732104620890,12,0,54,0,2023,11,18,5,3,9,1,2,1,1,0,0,0,0,0,"774948,199500000104308","5814138,183100000023842",13.042769125000063,52.40824925900006,1
249930,249931,12231116732100617770,12,0,54,0,2023,11,15,5,3,5,3,0,1,1,1,0,0,0,0,"778450,372000000439584","5809884,792400000616908",13.09058925000005,52.36833727900006,1
249947,249948,12231114732127619690,12,0,54,0,2023,11,11,3,3,5,2,0,0,1,1,0,0,0,0,"780981,972000000067055","5810419,721799999475479",13.128123510000023,52.37184242400008,1
249955,249956,12231113732124616620,12,0,54,0,2023,11,15,2,3,0,5,0,0,1,1,0,0,0,0,"780618,683299999684095","5811637,592499999329448",13.123820071000068,52.38294926900005,1
249966,249967,12231112732109615110,12,0,54,0,2023,11,11,1,3,5,3,0,1,1,1,0,0,0,0,"775986,739099999889731","5812726,442399999126792",13.056834783000056,52.39506649900005,1
249969,249970,12231111732110613390,12,0,54,0,2023,11,16,7,3,0,6,1,1,1,0,0,0,0,0,"776007,022199999541044","5813773,701300000771880",13.057995039000048,52.40444787600006,1
249992,249993,12231109732109609450,12,0,54,0,2023,11,7,5,3,5,3,0,0,1,1,0,0,0,0,"775706,172699999995530","5812950,065500000491738",13.052905855000063,52.397213220000026,1
250004,250005,12231108732125607690,12,0,54,0,2023,11,15,4,3,5,3,0,0,1,1,0,0,0,0,"781060,383000000379980","5810821,459799999371171",13.129608821000033,52.375404622000076,1
250005,250006,12231108732121607990,12,0,54,0,2023,11,16,4,3,0,1,2,0,1,0,0,0,0,0,"780437,862300000153482","5812974,168600000441074",13.122288549000075,52.395027035000055,1
250022,250023,12231106732105602850,12,0,54,0,2023,11,18,2,3,1,5,2,0,1,1,0,0,0,0,"777201,790900000371039","5814218,476600000634789",13.075881202000062,52.40783286100003,1
250038,250039,12231104732111598690,12,0,54,0,2023,11,15,7,3,5,3,0,0,1,1,0,0,0,0,"776533,978500000201166","5813269,338199999183416",13.065305035000051,52.39965901200003,1
250046,250047,12231103732111596500,12,0,54,0,2023,11,11,6,3,5,3,0,0,1,1,0,0,0,0,"776751,935200000181794","5813417,406899999827147",13.068622773000072,52.40087673800008,1
250052,250053,12231102732105591610,12,0,54,0,2023,11,6,5,3,0,1,0,1,1,0,0,0,0,0,"775840,109699999913573","5814646,240399999544024",13.056266567000023,52.41235674300003,1
250073,250074,12231030732107586090,12,0,54,0,2023,10,11,2,3,5,2,0,0,1,1,0,0,0,0,"772815,074599999934435","5813335,958300000056624",13.010834356000032,52.40212186600007,1
250143,250144,12231021732108559570,12,0,54,0,2023,10,12,7,3,5,3,0,1,1,1,0,0,0,0,"772922,611100000329316","5812460,345200000330806",13.011697748000074,52.394215520000046,1
250154,250155,12231020732130569280,12,0,54,0,2023,10,14,6,3,5,3,0,1,1,1,0,0,0,0,"777319,800300000235438","5812748,990700000897050",13.076394925000045,52.39459537600004,1
250173,250174,12231018732112722880,12,0,54,0,2023,10,17,4,3,4,6,0,0,1,1,0,0,0,0,"777845,111399999819696","5810892,297499999403954",13.082556528000055,52.37767921400007,1
250184,250185,12231017732111557190,12,0,54,0,2023,10,13,3,3,0,7,0,0,1,0,0,0,0,0,"776281,754900000058115","5812645,118100000545382",13.061092460000054,52.39418846800004,1
250185,250186,12231017732100562480,12,0,54,0,2023,10,12,3,3,3,2,0,0,1,1,0,0,0,0,"774172,741299999877810","5814701,219699999317527",13.03185882200006,52.41368752000005,1
250257,250258,12231011732130550120,12,0,54,0,2023,10,15,4,3,4,6,0,0,1,0,0,0,0,0,"776687,678700000047684","5812506,079500000923872",13.066928067000049,52.392736710000065,1
250268,250269,12231010732109547580,12,0,54,0,2023,10,13,3,3,5,3,0,0,1,1,0,0,0,0,"775703,013299999758601","5812708,683299999684095",13.052660905000039,52.39505013100006,1
250270,250271,12231010732107542920,12,0,54,0,2023,10,6,3,3,0,1,2,1,1,0,0,0,0,0,"774454,053100000135601","5812480,872400000691414",13.034164883000074,52.39363438500004,1
250283,250284,12231009732111543720,12,0,54,0,2023,10,22,2,2,0,1,2,1,1,0,0,0,0,0,"776679,993800000287592","5813296,493799999356270",13.067468156000075,52.39982878200004,1
250284,250285,12231009732104545200,12,0,54,0,2023,10,13,2,2,5,2,0,1,1,1,0,0,0,0,"775255,927500000223517","5814048,339199999347329",13.047207770000057,52.40728891200007,1
250285,250286,12231009732104544970,12,0,54,0,2023,10,15,2,3,5,3,0,1,1,1,0,0,0,0,"774727,238699999637902","5815221,013299999758601",13.040417739000077,52.418070972000066,1
250299,250300,12231007732123533260,12,0,54,0,2023,10,18,7,3,0,7,1,1,1,0,0,0,0,0,"780253,288999999873340","5811721,433700000867248",13.118535576000056,52.38388808600007,1
250305,250306,12231006732123540370,12,0,54,0,2023,10,11,6,3,0,1,0,1,1,0,0,0,0,0,"779897,873399999924004","5811821,997500000521541",13.113411043000042,52.38497152800005,1
250306,250307,12231006732110540000,12,0,54,0,2023,10,7,6,3,5,3,0,0,1,0,0,0,1,0,"776018,404199999757111","5813575,832200000062585",13.057998844000053,52.40266769200008,1
250333,250334,12231003732109534760,12,0,54,0,2023,10,17,3,3,0,7,0,1,1,0,0,0,0,1,"776169,605999999679625","5812651,066800000146031",13.05945336700006,52.39429837200004,1
268445,268446,12230117732109011960,12,0,54,0,2023,1,14,3,3,4,6,0,0,1,0,0,0,0,0,"776306,962625724030659","5812636,635416110977530",13.061454986000058,52.394099682000046,2
268452,268453,12230428732109201790,12,0,54,0,2023,4,22,6,2,0,1,2,1,1,0,0,0,0,0,"774882,656046443851665","5812694,118145926855505",13.040622813000027,52.395331844000054,2
268460,268461,12230512732122234260,12,0,54,0,2023,5,12,6,3,6,7,0,0,1,0,1,0,0,0,"777850,329165003611706","5812656,678025981411338",13.084095278000063,52.39349869400007,2
268465,268466,12230517732110241070,12,0,54,0,2023,5,10,4,3,5,2,0,0,1,0,0,0,0,0,"775639,507749973447062","5813534,037577526643872",13.05240907700005,52.402483750000044,2
268468,268469,12230518732109245800,12,0,54,0,2023,5,19,5,3,0,1,0,0,1,0,0,0,0,0,"776145,130975394393317","5812763,848832363262773",13.059187535000035,52.395322117000035,2
268487,268488,12230713732108369300,12,0,54,0,2023,7,20,5,3,6,6,0,0,1,0,1,0,0,0,"774481,618765942286700","5812011,696008886210620",13.034184706000076,52.38941297000008,2
268491,268492,12230717732112376650,12,0,54,0,2023,7,18,2,2,7,7,0,0,1,0,0,0,0,0,"776538,001898216898553","5812226,717872363515198",13.06450351500007,52.390307058000076,2
268492,268493,12230721732108373240,12,0,54,0,2023,7,23,6,3,0,1,2,0,1,0,0,0,0,0,"772611,622575737303123","5813209,186105331405997",13.00774803400003,52.40108625900007,2
268497,268498,12230808732109415710,12,0,54,0,2023,8,17,3,2,0,1,0,0,1,0,0,0,0,0,"776143,893351039849222","5812766,590370780788362",13.059171652000032,52.39534732700008,2
268502,268503,12230812732101427780,12,0,54,0,2023,8,13,7,3,4,6,0,1,1,1,0,0,0,0,"776208,724334479658864","5819390,333099106326699",13.065591944000062,52.45471432700003,2
268507,268508,12230824732123446360,12,0,54,0,2023,8,8,5,3,0,1,0,0,1,0,0,0,0,0,"779891,985999999567866","5810532,473899999633431",13.112248585000032,52.37341111500007,2
268514,268515,12230908732122478570,12,0,54,0,2023,9,21,6,3,0,1,2,0,1,0,0,0,0,0,"778280,971359250950627","5813423,126547320745885",13.091044373000045,52.40015314800007,2
268527,268528,12231006732110536030,12,0,54,0,2023,10,21,6,3,0,1,2,0,1,0,0,0,0,0,"775345,862607344985008","5813250,204432548955083",13.047870319000026,52.40008610400008,2
268528,268529,12231007732100538920,12,0,54,0,2023,10,10,7,3,0,1,0,0,1,0,0,0,0,0,"773617,527105386718176","5813138,358738036826253",13.022438806000025,52.39994936700003,2
268529,268530,12231007732112541910,12,0,54,0,2023,10,3,7,3,0,1,2,0,1,0,0,0,0,0,"774313,201899750856683","5809387,002757609821856",13.029569397000046,52.36595876000007,2
268533,268534,12231030732108585150,12,0,54,0,2023,10,13,2,3,0,1,0,1,1,0,0,0,0,0,"773502,046418246114627","5810522,798477736301720",13.018611476000046,52.37655011800007,2
268535,268536,12231111732123613630,12,0,54,0,2023,11,12,7,3,4,6,0,1,1,0,0,0,0,0,"779886,645047625061125","5810640,760629437863827",13.112260675000073,52.374384872000064,2
268538,268539,12231212732105683870,12,0,54,0,2023,12,18,3,3,0,1,1,1,1,0,0,0,0,0,"776152,504283181973733","5812742,756006013602018",13.059278239000037,52.39512924400003,2
268539,268540,12231219732101702500,12,0,54,0,2023,12,16,3,3,8,1,2,1,1,0,0,0,0,0,"774440,448870567837730","5819440,927700653672218",13.039676284000052,52.45605885200007,2
122977,122978,12240627732130077140,12,0,54,0,2024,6,1,5,3,7,7,2,0,1,0,0,0,0,0,"777488,216300000436604","5811271,230499999597669",13.077640392000035,52.381258150000065,1
122992,122993,12240625732130073290,12,0,54,0,2024,6,18,3,2,5,3,0,0,1,1,0,0,0,0,"777775,534799999557436","5812396,435699999332428",13.082783200000051,52.39120290100004,1
123050,123051,12240620732112064790,12,0,54,0,2024,6,16,5,3,3,2,0,0,1,1,0,0,0,0,"776232,201200000010431","5812080,142999999225140",13.059900365000033,52.38914689200004,1
123057,123058,12240619732103062920,12,0,54,0,2024,6,13,4,3,5,3,0,0,1,1,0,0,0,0,"773113,318599999882281","5815132,256899999454618",13.016672853000046,52.41808281800007,1
123071,123072,12240618732109060210,12,0,54,0,2024,6,9,3,3,3,2,0,0,1,1,0,0,0,0,"775073,764800000004470","5812872,194599999114871",13.043570621000072,52.396832879000044,1
123107,123108,12240615732103054950,12,0,54,0,2024,6,17,7,3,0,1,0,0,1,0,0,0,0,0,"773258,544499999843538","5815070,255100000649691",13.018752352000035,52.417454279000026,1
123129,123130,12240612732108044810,12,0,54,0,2024,6,12,4,3,0,1,0,1,1,0,0,0,0,0,"774177,642500000074506","5812002,576799999922514",13.029721563000066,52.38948341000008,1
123146,123147,12240610732100044440,12,0,54,0,2024,6,17,2,3,5,3,0,0,1,1,0,0,0,0,"775276,323599999770522","5813404,144799999892712",13.046977308000066,52.40150158700004,1
123153,123154,12240609732103077960,12,0,54,0,2024,6,14,1,3,5,3,0,0,1,0,0,0,0,1,"771911,390999999828637","5815700,822799999266863",12.999505095000075,52.423780468000075,1
123174,123175,12240607732107038950,12,0,54,0,2024,6,19,6,3,4,6,0,0,1,0,0,0,0,0,"775161,073400000110269","5813512,801500000059605",13.04537680900006,52.40253393800003,1
123175,123176,12240607732105038830,12,0,54,0,2024,6,7,6,3,3,2,0,0,1,1,0,0,0,0,"777165,671500000171363","5814194,857400000095367",13.075332021000065,52.40763934100005,1
123199,123200,12240605732109034280,12,0,54,0,2024,6,13,4,3,4,2,0,1,1,0,0,0,0,1,"774558,068300000391901","5812387,588700000196695",13.035613242000068,52.39274568500008,1
123211,123212,12240604732130031440,12,0,54,0,2024,6,12,3,2,5,2,0,0,1,0,0,0,0,1,"777313,647599999792874","5811449,029400000348687",13.075229222000075,52.38294095300006,1
123224,123225,12240602732108023830,12,0,54,0,2024,6,8,1,3,0,1,0,0,1,0,0,0,0,0,"773933,989400000311434","5811704,679199999198318",13.025906619000068,52.38693370900006,1
123241,123242,12240531732111020640,12,0,54,0,2024,5,5,6,3,4,6,0,0,1,0,0,0,0,0,"776167,827600000426173","5812661,818099999800324",13.059436159000029,52.394395684000074,1
123308,123309,12240524732103077970,12,0,54,0,2024,5,11,6,3,3,3,0,0,1,1,0,0,0,0,"772046,153500000014901","5816029,884299999102950",13.00174970200004,52.42666462400007,1
123322,123323,12240523732112005030,12,0,54,0,2024,5,21,5,3,3,2,1,0,1,1,0,0,0,0,"777843,350100000388920","5810924,065700000151992",13.082557036000026,52.377964990000066,1
123397,123398,12240516732130990750,12,0,54,0,2024,5,18,5,3,6,6,0,0,1,0,1,0,0,0,"776989,195500000379980","5811848,353399999439716",13.070804257000077,52.38668606400006,1
123462,123463,12240512732112980960,12,0,54,0,2024,5,22,1,3,0,1,2,0,1,0,0,0,0,0,"776507,654299999587238","5812272,826199999079108",13.064096730000074,52.39073586400008,1
123487,123488,12240510732108020540,12,0,54,0,2024,5,13,6,3,6,4,0,0,1,0,1,0,0,0,"774161,162600000388920","5811982,147600000724196",13.029463289000034,52.38930844600003,1
123558,123559,12240503732107963140,12,0,54,0,2024,5,18,6,3,4,2,0,0,1,1,0,0,0,0,"774844,957999999634922","5812673,707800000905991",13.040053426000043,52.39516772300004,1
123671,123672,12240425732108943330,12,0,54,0,2024,4,18,5,3,5,3,0,0,1,1,0,0,0,0,"774218,302000000141561","5812049,424799999222159",13.030355880000059,52.38988319600003,1
123725,123726,12240606732109036300,12,0,54,0,2024,6,15,5,3,5,2,0,0,1,1,0,0,0,0,"775409,256699999794364","5812807,926400000229478",13.048436150000043,52.39608792300004,1
123873,123874,12240407732100906080,12,0,54,0,2024,4,14,1,3,3,2,0,0,1,0,0,0,0,0,"776863,068199999630451","5813637,516200000420213",13.070434052000053,52.402794423000046,1
123885,123886,12240406732109904440,12,0,54,0,2024,4,15,7,3,0,1,0,0,1,0,0,0,0,0,"776531,778599999845028","5812272,002900000661612",13.064449661000026,52.39071630300003,1
123972,123973,12240430732111954070,12,0,54,0,2024,4,17,3,3,4,6,0,0,1,0,0,0,0,0,"776243,048799999989569","5812641,020199999213219",13.060521688000051,52.39417124200003,1
123975,123976,12240329732107889020,12,0,54,0,2024,3,11,6,3,5,3,0,0,1,1,0,0,0,0,"775057,879399999976158","5812881,363800000399351",13.043345265000028,52.39692308600007,1
123993,123994,12240328732110887440,12,0,54,0,2024,3,13,5,3,5,2,0,0,1,1,0,0,0,0,"775337,747899999842048","5813442,417899999767542",13.047909355000058,52.401813935000064,1
123994,123995,12240328732100887060,12,0,54,0,2024,3,9,5,3,5,2,0,0,1,1,0,0,0,0,"777846,756099999882281","5810920,933499999344349",13.082604350000054,52.37793517500006,1
124050,124051,12240321732107875030,12,0,54,0,2024,3,15,5,3,3,2,0,0,1,1,0,0,0,0,"774450,431200000457466","5812278,641100000590086",13.033946161000074,52.39182257700003,1
124081,124082,12240318732109865130,12,0,54,0,2024,3,13,2,3,5,2,0,0,1,0,0,0,0,1,"775062,075699999928474","5812885,974300000816584",13.04341056900006,52.39696232500006,1
124107,124108,12240315732107864110,12,0,54,0,2024,3,16,6,2,0,7,0,0,1,0,1,0,0,0,"774957,129999999888241","5812782,576799999922514",13.04178717800005,52.39608775700003,1
124108,124109,12240428732112948740,12,0,54,0,2024,4,14,1,3,3,2,0,0,1,1,0,0,0,0,"776614,995900000445545","5812174,244400000199676",13.065588760000026,52.389797618000046,1
124122,124123,12240416732109923780,12,0,54,0,2024,4,8,3,3,5,3,0,1,1,0,0,0,0,1,"776437,872999999672174","5812466,701799999922514",13.063233809000053,52.392509708000034,1
124130,124131,12240313732107859870,12,0,54,0,2024,3,9,4,3,3,2,0,0,1,1,0,0,0,0,"775265,960799999535084","5813409,112400000914931",13.046829454000033,52.401551346000076,1
124187,124188,12240307732103849440,12,0,54,0,2024,3,8,5,3,5,2,0,0,1,1,0,0,0,0,"773329,428399999625981","5815038,288300000131130",13.019765929000073,52.41713219700006,1
124257,124258,12240624732109072780,12,0,54,0,2024,6,16,2,3,0,1,0,0,1,0,1,0,0,0,"776253,214100000448525","5812639,306399999186397",13.060669289000032,52.39415074600004,1
124432,124433,12240216732107812160,12,0,54,0,2024,2,7,6,3,5,3,0,1,1,1,0,0,0,0,"775036,526300000026822","5812859,243899999186397",13.043014064000033,52.39673544000004,1
124589,124590,12240602732103027510,12,0,54,0,2024,6,11,1,3,5,2,0,0,1,1,0,0,0,0,"773333,376699999906123","5815036,489800000563264",13.019822372000021,52.417114095000045,1
124613,124614,12240425732109942660,12,0,54,0,2024,4,10,5,3,5,2,0,1,1,0,0,0,0,1,"775992,178500000387430","5812719,664899999275804",13.05690893800005,52.395002979000026,1
124742,124743,12240111732107745190,12,0,54,0,2024,1,17,5,3,5,3,2,1,1,0,0,0,0,1,"775063,693699999712408","5812887,752000000327826",13.043435749000025,52.39697745500007,1
124838,124839,12240514732109985070,12,0,54,0,2024,5,9,3,3,3,6,0,0,1,0,0,0,0,0,"775982,679800000041723","5812711,412799999117851",13.056762896000066,52.39493376200005,1
124840,124841,12240419732105930950,12,0,54,0,2024,4,14,6,3,5,3,0,0,1,1,0,0,0,0,"777234,456199999898672","5814290,617799999192357",13.076419918000056,52.40846325200005,1
124899,124900,12240425732112942910,12,0,54,0,2024,4,13,5,3,5,2,0,1,1,1,0,0,0,0,"776615,193300000391901","5812184,944299999624491",13.065600484000072,52.38989347200004,1
124922,124923,12240411732107914290,12,0,54,0,2024,4,11,5,3,5,3,0,0,1,1,0,0,0,0,"775177,855600000359118","5813007,649299999698997",13.045207873000038,52.397995337000054,1
125654,125655,12240625732100075110,12,0,54,0,2024,6,18,3,3,4,6,0,0,1,0,0,0,0,0,"776158,666000000201166","5812671,120799999684095",13.05930952500006,52.39448372800007,1
125805,125806,12240328732111887780,12,0,54,0,2024,3,18,5,3,3,2,1,0,1,1,0,0,0,0,"777253,241999999620020","5814305,848099999129772",13.076707996000039,52.40859031700006,1
126253,126254,12240531732104020660,12,0,54,0,2024,5,7,6,3,5,2,0,0,1,0,0,0,0,1,"775370,892799999564886","5817283,469100000336766",13.051556547000075,52.43624322000005,1
126316,126317,12240321732107875210,12,0,54,0,2024,3,18,5,3,5,3,1,0,1,1,0,0,0,0,"775188,347699999809265","5813018,321900000795722",13.045370461000061,52.39808577600007,1
126455,126456,12240430732103951990,12,0,54,0,2024,4,11,3,3,5,3,0,0,1,1,0,0,0,0,"773593,035299999639392","5814903,770099999383092",13.023522357000047,52.41579410000003,1
126950,126951,12241203732130412630,12,0,54,0,2024,12,7,3,3,5,2,0,0,1,1,0,0,0,0,"778254,194500000216067","5810437,413699999451637",13.088173530000063,52.37339251000003,1
127040,127041,12241126732100395240,12,0,54,0,2024,11,16,3,3,5,2,2,0,1,1,0,0,0,0,"778789,925099999643862","5809401,460300000384450",13.095162182000024,52.36383047500004,1
127187,127188,12241113732128367660,12,0,54,0,2024,11,16,4,3,0,3,1,0,1,0,0,1,0,0,"779619,371700000017881","5808713,935100000351667",13.106739472000072,52.357242893000034,1
127188,127189,12241113732109386000,12,0,54,0,2024,11,12,4,2,3,2,0,0,1,0,0,0,1,0,"775060,390200000256300","5812884,122500000521541",13.043384339000056,52.396946565000064,1
127195,127196,12241112732104385990,12,0,54,0,2024,11,10,3,2,0,1,0,0,1,0,0,0,0,0,"775709,465099999681115","5815616,231899999082088",13.05514983200004,52.421121249000066,1
127223,127224,12241107732104355450,12,0,54,0,2024,11,10,5,3,0,2,0,1,1,1,0,0,0,0,"775750,753200000151992","5814204,326999999582767",13.054592123000077,52.40843877200007,1
127442,127443,12241018732104317630,12,0,54,0,2024,10,15,6,3,4,3,0,0,1,1,0,0,0,0,"775751,036700000055134","5814206,215399999171495",13.054597836000028,52.408455564000064,1
127443,127444,12241018732103317370,12,0,54,0,2024,10,12,6,3,5,2,0,0,1,1,0,0,0,0,"773587,218700000084937","5814906,806600000709295",13.02343952900003,52.415824239000074,1
127493,127494,12241015732109307630,12,0,54,0,2024,10,14,3,3,0,1,0,0,1,0,0,0,0,0,"776480,024699999950826","5812306,598400000482798",13.06371960100006,52.39105266900003,1
127571,127572,12241009732108296490,12,0,54,0,2024,10,8,4,3,5,3,0,1,1,1,0,0,0,0,"774403,406399999745190","5812232,802200000733137",13.033219303000067,52.39143505000004,1
127582,127583,12241008732108296760,12,0,54,0,2024,10,12,3,3,0,7,0,1,1,0,0,0,0,0,"773708,250099999830127","5811429,210899999365211",13.022372982000036,52.384576078000066,1
127620,127621,12241005732108288000,12,0,54,0,2024,10,12,7,3,5,2,0,0,1,1,0,0,0,0,"774351,957999999634922","5812183,312799999490380",13.032424626000022,52.39101699500003,1